estudiante_id,nombre,apellido,fecha_nacimiento,correo_electronico,telefono,direccion,fecha_registro
1,Anthony,Phillips,2006-08-23,thompsonsuzanne@anderson-lee.com,001-214-056-8047x0939,"7533 Martin Port Apt. 100 Port James, IN 36158",2024-06-14 00:00:00
2,Erin,Cook,2003-08-20,ehenderson@yahoo.com,001-634-368-2800x505,"714 Mooney Rest South Chelsea, IN 92880",2024-09-14 00:00:00
3,Lori,Miller,1996-04-24,williamlee@hotmail.com,001-202-942-3115x889,"7286 Jimenez Forks Christopherside, NY 16235",2025-02-01 00:00:00
4,Jessica,Miller,2000-01-08,lisawilliams@yahoo.com,(051)348-0552x38375,"9212 Zimmerman Greens South Juanmouth, VA 02872",2023-03-31 00:00:00
5,Clayton,Medina,1996-07-18,melissajensen@lyons.net,187.539.9021x9571,"PSC 2138, Box 0483 APO AA 76569",2024-01-22 00:00:00
6,Sarah,Roman,2001-12-22,pdaniel@hotmail.com,370-839-6420x45775,"11811 Kenneth Lane East Matthewfurt, MO 96683",2023-06-19 00:00:00
7,Steven,Gomez,1994-07-25,hannah65@hotmail.com,669-252-6676x97509,"260 Cole Views New Karen, OH 67064",2020-05-29 00:00:00
8,Zachary,Coleman,2003-06-03,alejandrarowe@yahoo.com,446.429.3221x80213,"00221 Joseph Roads Suite 076 Joannborough, CT 83187",2023-04-22 00:00:00
9,Samantha,Anderson,2003-07-13,brianagraham@silva-harrison.com,(809)704-6497,"924 Yang Orchard Suite 043 Gregoryhaven, DE 11653",2021-02-07 00:00:00
10,Gary,Davis,1997-08-13,stephanieellis@yahoo.com,(745)786-4603x573,"3122 Thomas Camp Tammytown, OH 77244",2023-04-15 00:00:00
11,Richard,Reese,1997-10-30,danieltaylor@hotmail.com,808-760-0054,"573 Weber Ridges Nguyentown, NV 71619",2024-06-08 00:00:00
12,Amanda,Castillo,2007-02-08,riveracraig@martin.com,(883)230-5975x53909,"44953 Caitlin Cape Suite 330 Montgomeryland, MT 62885",2022-12-19 00:00:00
13,Justin,Lyons,1997-11-01,brandimelton@gmail.com,001-362-720-2928,"9422 Nguyen Ports Suite 114 South Joseph, SD 77789",2022-03-15 00:00:00
14,Nicholas,Butler,1995-07-04,timothybarnes@ford.com,(467)934-1070x85214,"7265 Jason Junction Apt. 809 Jacobside, SC 01575",2024-08-28 00:00:00
15,Charles,White,2005-03-21,michaelsimon@mullins.com,(067)039-1431x812,"8832 Christopher Street New Donaldfort, UT 99399",2024-04-12 00:00:00
16,Kelly,Sims,1996-10-30,wvargas@holder.com,001-445-160-2921,"055 Angela Spurs Pamelaville, NY 47203",2023-02-11 00:00:00
17,Mark,Jordan,1994-09-20,fergusonjonathan@watts.com,(320)267-3456x74980,"9607 Crawford Wall Yvonneville, OK 11979",2021-05-05 00:00:00
18,Jamie,Martin,2000-12-09,howederek@richardson-krueger.biz,9722897971,"263 Cobb Center Suite 045 West Keithshire, NH 70955",2024-05-01 00:00:00
19,Brandon,King,1998-09-28,shaneschwartz@ward.com,491.408.7667x760,"0680 Ryan Overpass Maryville, AL 36889",2020-04-11 00:00:00
20,Jeffrey,Walls,1998-06-05,williamharrell@turner.info,160.913.5244x24438,"08896 Kelly Harbor South Emilyfort, MI 11178",2020-06-21 00:00:00
21,Mark,Humphrey,1997-08-31,sashley@bird-welch.com,213-978-7095x7560,"55867 Kristina Coves Apt. 967 Markhaven, NY 34468",2024-06-14 00:00:00
22,Stacey,Carroll,2000-10-04,smithashley@hotmail.com,(849)816-6684x6277,"085 Aaron Drives Apt. 204 East Douglasstad, ID 24316",2023-11-07 00:00:00
23,Kevin,Abbott,1997-04-25,masseyjames@richardson.org,001-601-980-7040,"8914 Johnson Mission Paulbury, IN 91943",2024-03-08 00:00:00
24,Brent,Small,2002-09-12,jamesbarnes@blankenship.com,+1-686-664-2235x35610,"7784 Kyle Fort East Davidstad, VT 79206",2021-10-16 00:00:00
25,Christine,Roberts,1994-11-26,boydautumn@rowe.info,7928355371,"8739 Salazar Mission Greenton, AK 64556",2025-03-18 00:00:00
26,James,Johnson,2004-11-09,imalone@hotmail.com,(523)289-5190,"01161 Shelley Valleys Apt. 479 Torreshaven, UT 63283",2020-11-04 00:00:00
27,Christine,Strong,1998-09-17,tiffanycarter@schwartz.com,463-820-4120,"48061 Berger Plaza East Gerald, NC 39480",2020-08-17 00:00:00
28,Thomas,Johnson,2004-08-20,kristi51@walters-thompson.com,2919366413,Unit 6345 Box 1988 DPO AE 26245,2023-01-19 00:00:00
29,Kevin,Hardin,2001-08-02,pamelaclark@gmail.com,001-322-147-8485,"303 Miller Lights Apt. 959 Hillbury, WY 93793",2020-10-29 00:00:00
30,Kimberly,Buchanan,2002-05-08,william76@yahoo.com,1227516039,"86574 Wiley Via Apt. 554 North Danielborough, NH 09181",2021-12-20 00:00:00
31,Erin,Powell,1994-09-11,lelisa@baker-preston.com,(726)250-7551,"2316 Rebecca Trail Lake Suzanne, AR 93011",2021-10-02 00:00:00
32,Bryan,Charles,1997-09-28,nsanchez@yahoo.com,001-366-735-7418x532,"485 Marcus Crescent Suite 566 South Nathanielbury, WA 09371",2022-04-02 00:00:00
33,Andrea,Adams,2000-12-17,ryan94@sanders.com,879-878-1656x6448,"836 Johnson Plains Suite 753 Walshtown, MA 67102",2025-04-15 00:00:00
34,Brian,Hunter,1999-08-05,lambertbilly@yahoo.com,+1-687-372-7517x1518,"08103 Gray Route North Ashleyberg, NC 13777",2024-04-23 00:00:00
35,Christopher,Smith,1994-07-31,roseabigail@gmail.com,794-735-0963,"66668 Curtis Divide Apt. 974 Kathleenborough, MD 70925",2022-09-04 00:00:00
36,Douglas,Garcia,1999-02-28,michaelschultz@hotmail.com,001-798-023-9536x46331,"7570 Stacey Loop North Shanefort, TN 18501",2020-11-27 00:00:00
37,Bradley,Rice,2005-07-31,caldwellbobby@olsen.com,(440)705-2711,"829 Heath Drive Suite 138 South Gabriel, VT 18803",2021-08-03 00:00:00
38,Lori,Aguilar,2004-09-22,flynnjeremy@yahoo.com,7419280350,"2181 Williams Camp Christopherside, NC 13789",2024-03-18 00:00:00
39,Anna,Sutton,2002-12-10,cabrerajustin@hotmail.com,7199267580,Unit 6401 Box 8341 DPO AE 04548,2022-11-14 00:00:00
40,David,Carlson,1996-03-06,pmcneil@hotmail.com,544.700.6956x85576,"990 Powell Highway Bradview, VA 67319",2021-03-12 00:00:00
41,Michael,Elliott,1995-07-16,kingmichael@burton-snyder.com,+1-184-025-1014x786,"1790 Tyler Courts Suite 322 North Eric, IL 95542",2023-03-29 00:00:00
42,James,Castaneda,2006-03-19,heather84@hotmail.com,6281835074,USNV Carter FPO AE 05454,2021-01-24 00:00:00
43,Amanda,Calderon,2005-11-28,ramirezjames@gmail.com,001-993-795-2290,"009 Laura Lodge North Ashley, DE 04254",2025-03-28 00:00:00
44,April,Spencer,2001-10-07,ujarvis@yahoo.com,324.886.2261,"851 Nicholas Loaf Suite 940 Briannachester, WI 33383",2023-12-19 00:00:00
45,Monica,Bailey,2007-03-21,jbeard@quinn.com,+1-657-440-8670x97485,"91484 Eaton Gateway New Jeffrey, MN 52291",2022-04-19 00:00:00
46,Alyssa,Bolton,2002-09-26,tking@gmail.com,1677149166,"4563 Paul Wall Port Josephside, NC 94759",2020-02-24 00:00:00
47,Christine,Cooke,1996-11-16,balexander@gmail.com,0797731482,USS Gamble FPO AA 80866,2025-02-26 00:00:00
48,Megan,Crawford,1996-11-13,williamskimberly@hotmail.com,001-494-122-7977x7628,"3826 Ryan Plaza Apt. 154 Delgadomouth, MN 43107",2024-02-22 00:00:00
49,Megan,Roberts,2005-08-21,rachel94@fuller-smith.com,9671274310,Unit 1538 Box 0461 DPO AP 91047,2020-05-06 00:00:00
50,Raymond,Smith,1999-04-13,mosesrobert@gmail.com,001-269-801-3779,"409 Jessica Route Evelynland, SD 10109",2024-11-28 00:00:00
51,Sharon,Smith,1997-06-17,scottestrada@willis.net,4794557006,"15186 Ramirez Island New Michelle, DE 44092",2020-01-11 00:00:00
52,Diane,Williams,1997-08-08,osbornejuan@hotmail.com,(049)374-1483x13280,"38063 Christina Ports Apt. 957 North Chelsea, KS 32996",2021-10-25 00:00:00
53,Adrian,Cunningham,2001-11-19,fosterashley@gmail.com,+1-869-146-5328x912,"682 Stephanie Stravenue Josephton, DE 47675",2021-05-04 00:00:00
54,Jessica,Webb,2002-01-26,kevinbrown@jones.com,(544)852-8048x8444,USNS Barrett FPO AE 56271,2022-10-16 00:00:00
55,Shelby,Mccoy,1998-07-26,terrilong@smith-jacobson.com,562-670-4733,"862 Lee Squares East Jordan, AR 16372",2024-04-09 00:00:00
56,Maria,Nicholson,2000-10-13,nathan23@hotmail.com,(651)033-6361,"8258 Diaz Corner Suite 217 Brianview, DE 47594",2023-12-10 00:00:00
57,Veronica,Marsh,1995-09-28,parkermichael@smith-king.biz,(036)702-2134,"68508 Chase Lake North Carlos, WV 89580",2022-10-17 00:00:00
58,Cheryl,Parks,2002-02-23,harrissherri@griffin.net,548-352-4204x5688,"86415 Heather Track Lake Seanland, OK 83449",2020-07-11 00:00:00
59,Joshua,Jones,2002-05-27,csims@chapman.info,399.153.0856x639,"62692 Garrison Passage Stephensport, ME 07326",2022-06-16 00:00:00
60,Jennifer,Wilson,2000-07-16,tmatthews@smith.biz,+1-415-831-4442x266,"PSC 2940, Box 1755 APO AE 23525",2024-06-11 00:00:00
61,Jeffrey,Wright,1998-02-02,brucewillis@villa-clayton.com,+1-764-807-5337x5542,"39175 Wright Pine Nguyenmouth, ND 37222",2023-08-12 00:00:00
62,Daniel,Santana,2003-11-27,dcooper@cohen.com,001-401-469-5270x80168,"7330 Diaz Hills East Christine, UT 12802",2024-01-17 00:00:00
63,Francisco,Hamilton,2003-09-27,agonzalez@frye-miranda.com,725-009-4812,"677 Oneal Cove West Tracyport, ND 87514",2025-01-21 00:00:00
64,Karen,Wallace,2006-03-28,carneytony@maynard.org,888-805-5027,Unit 3611 Box 5761 DPO AE 76815,2022-04-18 00:00:00
65,Dwayne,Bell,2002-12-10,dsmith@holmes.com,270-790-8905x01964,"7673 Pierce Corners Apt. 172 Lake Andrewmouth, NE 12367",2021-02-26 00:00:00
66,James,Gomez,1996-04-30,suzanne05@williams.com,001-653-287-8709x6348,"64734 Scott Gardens Suite 028 Port Erica, VA 09398",2024-03-25 00:00:00
67,Jacqueline,Davis,1997-06-02,nancydominguez@hotmail.com,433-466-3164x944,"5693 Ortega Mall Suite 426 North Andrewstad, MD 96362",2023-11-14 00:00:00
68,Holly,Hayes,1996-08-31,debramarks@gmail.com,736.378.2825x626,"03865 Amanda Knoll Apt. 200 Zacharyport, MO 89889",2023-03-17 00:00:00
69,Diana,Wright,2000-07-26,kelli50@huynh.biz,778.371.8915x49513,"0382 Rogers Corner Coreyside, OK 01389",2021-09-03 00:00:00
70,Melanie,Holt,1997-10-15,egarcia@wolfe-griffin.info,(617)736-1956x182,"64362 Patricia Mission East Oliviaton, SC 89260",2021-02-10 00:00:00
71,Gregory,Brown,1997-06-27,zamorakyle@gmail.com,(721)476-1848x22454,"314 Mary Rue East Rodney, TX 48090",2020-01-18 00:00:00
72,Nicole,Bailey,1999-12-13,xavierroy@gmail.com,058-936-3747,Unit 3618 Box 6857 DPO AE 06273,2024-12-09 00:00:00
73,April,Hicks,2000-05-26,rachel83@green-curtis.com,(405)253-3692x407,USCGC Hernandez FPO AE 83295,2023-03-03 00:00:00
74,Andres,Thompson,2004-11-29,pbond@gmail.com,2730061410,"8030 Veronica Cliffs Suite 728 East John, NJ 24870",2023-12-07 00:00:00
75,Jasmine,Gibson,1998-07-10,brent60@simmons.com,006-572-6741,"PSC 5584, Box 6515 APO AE 57150",2023-10-27 00:00:00
76,Lisa,Parker,2006-10-30,sheri81@yahoo.com,+1-302-387-9871x0943,"621 Duran Forge Lake Amandaberg, SC 08892",2022-07-28 00:00:00
77,Bryan,Buck,2006-05-30,kristina94@ward-wallace.net,689-704-4583,"022 Payne Vista Harrisfurt, LA 26474",2022-04-22 00:00:00
78,Haley,Fitzpatrick,1995-02-11,derek28@smith-garcia.net,172-349-5271x5952,USCGC Hurst FPO AA 92280,2024-03-10 00:00:00
79,Michele,Miller,2002-02-11,ruizmatthew@gmail.com,567.298.0311,"038 Andrew Rest Suite 089 New Matthewburgh, NM 61369",2024-09-23 00:00:00
80,Clayton,Osborne,2002-02-15,pclark@yahoo.com,147-658-4793x852,"84876 Lewis Mills Port Elizabethmouth, HI 26741",2023-09-13 00:00:00
81,Danielle,Murphy,1994-12-09,miranda65@yahoo.com,001-021-345-2964x655,"0367 Darryl Stream Suite 458 Stoneton, SC 64412",2024-01-23 00:00:00
82,Rodney,Ramsey,2003-02-15,heathfrank@dixon.com,(469)353-9639x395,"7090 Mcmahon Green Apt. 478 East Christopher, DE 24118",2020-09-29 00:00:00
83,Brian,Hobbs,2002-12-12,psantos@spencer.com,555-770-7291x7970,"72653 Martinez Village Apt. 643 West Karenborough, WA 89684",2023-05-29 00:00:00
84,Victor,Mccormick,2002-10-22,oallen@hotmail.com,001-055-791-1096x506,"496 Baker Roads Tuckerview, SD 12820",2025-01-30 00:00:00
85,Kimberly,Kelly,2003-05-04,peteranthony@villegas-contreras.info,717.432.0523x19796,"9782 Daniel Tunnel Rayside, NE 84889",2020-04-10 00:00:00
86,David,Hancock,1998-01-31,newtonstephen@hotmail.com,(714)041-9485x117,"74002 Chad Mill South Rachel, MS 59004",2023-09-02 00:00:00
87,Tina,Baker,2003-02-02,ywheeler@ruiz-baker.net,+1-543-433-8266,"8273 Phelps Islands Suite 373 Port Robinborough, KS 58369",2021-07-01 00:00:00
88,John,Dodson,1997-11-12,colesonya@young.biz,+1-155-182-5542x924,"57577 Donna Island Suite 772 West Jerry, LA 62601",2021-10-27 00:00:00
89,Carrie,Sanford,2001-06-06,jamesking@gmail.com,586-310-1574x7119,"73919 Mcintyre Path Apt. 699 Jonathanburgh, NH 22449",2024-04-01 00:00:00
90,Gina,Allen,2004-03-20,ohill@yahoo.com,(608)068-5906x40188,"83035 Katherine Plains Apt. 326 Port David, CA 93932",2024-06-21 00:00:00
91,Natalie,Dyer,1998-02-20,lisacarter@vargas.biz,567-674-5398,"26371 James Plaza Singletonton, UT 65269",2025-02-28 00:00:00
92,Lauren,Hansen,1997-09-22,bryanjones@allison-warren.info,205-617-0323x6726,"5566 Morgan Trace Apt. 139 Garnerstad, AR 38436",2021-03-08 00:00:00
93,Cynthia,Jones,2003-05-16,charles19@gmail.com,001-682-209-8170x146,"PSC 2731, Box 2927 APO AP 85163",2021-10-18 00:00:00
94,Autumn,Banks,2007-01-15,jaimewilliams@yahoo.com,2578661936,"8500 Henderson Green East Joseph, DE 50152",2020-06-14 00:00:00
95,Jennifer,Evans,2005-06-15,xwarner@gmail.com,011.286.3426,Unit 3352 Box 2953 DPO AP 53876,2022-05-03 00:00:00
96,Keith,Price,2000-11-19,julie12@wagner.info,001-248-718-9383x21413,"677 Roberts Port Suite 425 Lake Crystal, MA 59899",2023-06-03 00:00:00
97,Brandon,Olson,2001-06-15,williamrivera@yahoo.com,(039)943-7463x70125,"6351 Sanchez Knolls Mirandaville, ND 91342",2020-03-28 00:00:00
98,Michael,Francis,1998-11-01,catherine68@peterson-barber.net,(779)359-9248,"058 Tracy Ridge Suite 520 Huberborough, TN 93709",2023-08-25 00:00:00
99,Ricardo,Turner,2000-10-08,clarkmaria@gmail.com,(828)663-0827x06820,"0481 Nicholas Common Suite 034 Lake Kirsten, OR 29887",2022-01-23 00:00:00
100,Aaron,Avila,2000-08-24,sarahgarcia@yahoo.com,001-182-465-8226,"9474 Davies Hills West Robert, LA 31532",2022-07-26 00:00:00
101,Pamela,Lee,1999-11-18,melissagarcia@gmail.com,8245117597,"418 Terry Park Suite 988 West Danielfort, NC 98208",2022-06-24 00:00:00
102,Donald,Turner,1998-07-12,pmiller@bush.biz,593-705-8898x904,"7038 Phillip Roads Suite 033 Lake Jayfurt, DE 48834",2023-08-10 00:00:00
103,Benjamin,Chandler,1996-04-29,brichardson@hotmail.com,313-430-6757x72188,"022 Stewart Estate Apt. 954 Jimmyton, NV 36162",2023-05-15 00:00:00
104,Caleb,Williams,1996-07-27,johntaylor@wood-trevino.info,453.062.0681x36866,"71304 Powell Summit Bartonhaven, NY 02645",2020-11-23 00:00:00
105,Kevin,Griffith,1994-08-27,pgill@smith-scott.com,001-633-676-9147x9077,"PSC 0565, Box 4602 APO AE 65110",2021-07-02 00:00:00
106,Joshua,Diaz,2007-02-19,michaelrichardson@adams.info,935.758.1937,"105 Smith Bridge Suite 156 Lake Vickiside, FL 28660",2021-03-10 00:00:00
107,Todd,Wright,1996-01-24,matthewsmary@yahoo.com,289.636.4033,USNV Carter FPO AA 62236,2024-04-04 00:00:00
108,Katrina,Lewis,2004-02-21,whughes@gmail.com,672-978-7641x775,"5538 Caleb Drive Apt. 311 Stevenport, LA 73894",2022-05-04 00:00:00
109,Crystal,Bright,2000-02-10,chavezsharon@yahoo.com,957-594-2152,"0957 Larry Shoal Apt. 724 West Annbury, AK 27464",2023-02-16 00:00:00
110,Stephen,Smith,1995-12-24,johnhoward@bailey.com,+1-299-486-5101x611,"26276 Nicole Plaza East Olivia, IA 24525",2024-03-22 00:00:00
111,Brian,Graham,1995-02-10,alyssa37@dorsey-lopez.org,(066)501-7356,"4899 William Camp Kellyland, WY 51222",2023-12-03 00:00:00
112,Patrick,Garcia,2007-01-18,maria53@yahoo.com,271.743.0781x11622,"1051 Tracy Passage Michaeltown, GA 77251",2020-12-31 00:00:00
113,Andrew,Poole,1997-05-24,shannon16@carlson.com,001-988-151-4519x804,"1563 Munoz Island Suite 454 Toddhaven, IL 33086",2020-08-13 00:00:00
114,Tanya,Kelly,2001-11-19,pyang@taylor.org,001-133-798-6367x8318,"528 Davis Land Suite 245 West Josephport, NY 78676",2024-07-16 00:00:00
115,Alicia,Webb,2001-07-31,gblack@yahoo.com,5124927532,"297 Tiffany Mountain Suite 429 Phillipsborough, SD 67890",2021-04-08 00:00:00
116,Scott,Ramos,1997-10-07,everettchristopher@walker-aguilar.com,(147)766-2329x61232,USNS Davenport FPO AE 96863,2020-05-05 00:00:00
117,William,Robinson,2004-02-26,williammitchell@yahoo.com,+1-078-310-7356x76743,"77332 Alexis Park South Todd, VA 04637",2021-11-07 00:00:00
118,Lisa,Murphy,2002-06-19,ostewart@olson.com,973-376-2721,"917 Debra Light Suite 433 Smithberg, NM 88117",2020-08-29 00:00:00
119,Adam,Gutierrez,2002-06-05,matthew11@noble-roman.com,+1-378-614-5480x291,"3683 Sherry Shore Apt. 472 Kevinport, NV 22070",2022-03-31 00:00:00
120,Amanda,Henderson,2003-06-15,lori47@gonzalez.com,456-974-6832x855,"675 Christopher Prairie Ralphhaven, UT 68323",2023-03-11 00:00:00
121,Eric,Thompson,1997-10-02,wendy17@ray-mclaughlin.com,830.024.0834x79490,"9050 Isaac Club Timothyburgh, AK 44476",2022-10-13 00:00:00
122,Elizabeth,Gross,1999-05-25,elizabeth20@gmail.com,674.582.9304,"695 Taylor Corners Apt. 268 Andersonburgh, DC 76007",2021-04-12 00:00:00
123,Gabriela,Campbell,2003-07-28,aglover@brock-wade.com,234-064-7670x684,"021 Wilson Circle Quinnview, MD 81999",2020-11-16 00:00:00
124,Mary,Reynolds,1996-10-04,ballen@yahoo.com,671.687.6393,"741 Peter Corners Suite 945 Rhodesshire, MN 56852",2022-03-14 00:00:00
125,Glenn,Tapia,1994-12-14,reyeseric@yahoo.com,+1-965-629-4041,"14885 Shannon Pass Jenniferside, WI 65310",2020-05-14 00:00:00
126,Miranda,Landry,2000-06-20,dgreen@cox.com,598.457.2322x94109,USNV Johnson FPO AE 96024,2022-09-30 00:00:00
127,Jose,Taylor,2001-02-04,richardbradley@yahoo.com,+1-351-167-8304x127,"071 Henry Brooks Smithfort, SD 49995",2022-01-22 00:00:00
128,Robin,Garcia,1996-05-21,srobinson@perkins-lawrence.org,245-182-2539x958,"2712 Johnson Loop Apt. 896 East Sarabury, WY 88684",2022-02-21 00:00:00
129,Patrick,Hall,1998-04-12,john35@yahoo.com,138.934.9774,"96062 Emily Ports Suite 097 Ginachester, TX 32510",2023-11-07 00:00:00
130,Thomas,Lewis,2000-02-10,julie64@gmail.com,001-178-840-0071,"152 Patel Station Apt. 648 Lyonsbury, CA 47528",2021-06-13 00:00:00
131,John,Perez,1994-09-21,ucastro@valenzuela.com,1656559772,"17393 Lori Port Danielleberg, PA 42896",2025-01-23 00:00:00
132,Glenda,Davidson,2005-01-14,andre45@silva-gilbert.com,+1-213-857-5136x4992,"5988 William Ford Suite 591 Pachecoview, MT 47966",2021-07-29 00:00:00
133,Jennifer,Holden,1999-05-24,griffithjennifer@hotmail.com,001-739-669-6096x0478,Unit 5047 Box 9675 DPO AE 42505,2022-07-23 00:00:00
134,Joann,Harris,1997-12-01,davidross@hotmail.com,891-187-4067,USNS Andrews FPO AP 16108,2022-07-11 00:00:00
135,Lisa,Wallace,2000-12-12,kurt64@sosa.org,001-460-250-5804x01457,"07301 Stewart Locks Apt. 358 North Erin, ID 74068",2025-03-06 00:00:00
136,Courtney,Peters,2005-04-24,aavila@underwood-lopez.com,(382)637-6481x27641,"5551 Dana Passage Apt. 195 Youngland, NH 58427",2020-06-27 00:00:00
137,Cathy,Ward,2004-03-26,tanya88@brown-cook.com,5695792309,"701 Andrew Turnpike Moorestad, AR 31238",2022-05-27 00:00:00
138,Tammy,Evans,2000-05-04,vcarter@jones-dougherty.org,(842)587-3041x27064,"07994 Roger Center Suite 665 New Lisaborough, WV 37343",2024-01-22 00:00:00
139,Greg,Goodman,2007-04-09,xmendoza@gmail.com,443-085-0303,"545 Leonard Run Apt. 620 East Collinport, AK 06610",2022-03-05 00:00:00
140,Justin,Farley,1998-01-18,jessica73@hotmail.com,+1-291-543-6246x0129,"423 Harris Loop Suite 012 New Erinshire, MT 17634",2020-05-14 00:00:00
141,Gloria,Ramirez,2004-07-15,dnavarro@matthews.com,(305)155-5278x51477,"667 Gary Forge Evansfurt, AR 65834",2023-06-11 00:00:00
142,Christopher,Moore,2000-10-16,jesse15@ingram.com,979.568.8988,"726 Melendez Knolls Suite 518 Brownfort, ND 91137",2021-07-04 00:00:00
143,Elizabeth,Cummings,2001-04-05,guzmanlaurie@brooks.com,(449)052-5261,"248 Stephens Glen Suite 528 South Margaretmouth, PA 71053",2022-05-30 00:00:00
144,Michael,Garcia,2000-09-16,eric55@yahoo.com,001-911-612-9169x1141,"580 Maynard Drive Apt. 810 East Dean, CA 29625",2020-10-08 00:00:00
145,Luis,Hansen,1999-08-21,leslie33@goodman-figueroa.com,(958)365-4148x703,"046 Eugene Motorway South Malloryburgh, MT 59614",2022-04-12 00:00:00
146,Erin,Huber,1996-06-05,shaunlopez@nelson.com,244-773-7943x0624,"84204 Jennifer Union Suite 129 Mccoyborough, MA 27027",2023-03-01 00:00:00
147,Regina,Johnson,1999-03-17,johnsonroger@gmail.com,368.814.0331x67781,"84080 Johnson Neck West Parker, ME 94806",2022-02-16 00:00:00
148,Steven,Berg,2007-03-15,shannon92@gmail.com,344-358-4793x7766,"9563 James Track New Danielshire, SC 10196",2022-05-14 00:00:00
149,Maria,Duarte,2002-09-09,ylang@baker.biz,427-733-4003x4318,"629 Mccall Route Apt. 395 Wilsonville, KY 15690",2022-03-18 00:00:00
150,Stacy,Johnson,1997-11-14,pscott@garcia.com,(247)600-4058x714,"95694 Austin Radial Salazarbury, MN 68104",2020-08-05 00:00:00
151,Brian,Hodges,2006-10-25,daniel75@brandt.com,+1-244-291-3497,"58058 Christopher Estates Marcusview, CA 51214",2021-12-09 00:00:00
152,Andrew,Gutierrez,2002-07-23,tiffanyhenry@gmail.com,(643)993-7199x3155,"983 Carrillo Circle South Kellystad, WY 82685",2024-07-12 00:00:00
153,Bonnie,Barnes,2005-02-28,nguyeneric@yahoo.com,347-093-9144x73381,"1845 Richard Cliff Ryanfort, SC 78831",2022-08-04 00:00:00
154,Matthew,Dawson,1995-08-19,joshua15@trevino-hawkins.net,335.422.6758,"3153 Haley Cove Suite 366 East Elizabethborough, WI 51440",2022-09-30 00:00:00
155,Daisy,Alexander,1999-06-08,dawn66@hotmail.com,(102)777-8837,"PSC 1662, Box 4053 APO AE 22300",2021-08-10 00:00:00
156,Michelle,Marks,1998-07-06,walkervanessa@hotmail.com,001-634-420-6520x409,"3834 Orozco Landing West Dawn, NE 03761",2023-09-04 00:00:00
157,Robert,Silva,2001-10-08,holiver@hanna.com,+1-411-138-8044x5689,"83819 Scott Villages Apt. 832 West Christina, TX 04515",2022-03-06 00:00:00
158,Michelle,Valenzuela,1996-11-04,thompsonmichael@higgins-gonzales.info,(147)148-9755x79604,"4357 Savage Keys Wilsonbury, AK 19134",2022-06-10 00:00:00
159,Erica,Gonzalez,2001-06-28,lisa15@newton.com,096.612.7408x745,"6375 Rice Circles South Scott, CT 38200",2020-03-26 00:00:00
160,Robert,Ferguson,2004-10-07,johnsoncody@diaz.biz,(929)093-0242x3672,"0124 Benjamin Tunnel Apt. 837 New Robert, RI 55261",2021-11-20 00:00:00
161,Christine,Hogan,2001-03-09,fhenson@anderson.info,(914)057-0193,"9258 Mills Ridge Suite 751 Calvinland, NV 20039",2022-09-10 00:00:00
162,Brian,Luna,1999-06-26,stephen64@fischer-cunningham.com,7441757075,"908 Smith Garden Apt. 747 Hollyfurt, NV 72236",2020-01-25 00:00:00
163,Micheal,Mcdowell,1998-04-30,ruthhenry@bradford-thomas.org,001-670-514-0661,"048 Edwards Estate Suite 594 New Dustinberg, WV 27290",2022-11-08 00:00:00
164,Robert,Kim,1995-08-01,andrew16@gmail.com,442-910-7446x62088,"9807 Barry Passage Danielborough, MD 99572",2022-06-21 00:00:00
165,Candice,Barnes,2003-09-03,maryavila@hotmail.com,843-055-0230x727,"633 Humphrey Shore Wardside, ME 59340",2022-10-22 00:00:00
166,Kari,Bailey,2004-06-28,leonardholden@thomas-perez.net,765-927-7719,"209 Crawford Square Williamston, CO 34240",2022-09-24 00:00:00
167,Jacob,Bridges,2006-04-01,shepherdashley@yahoo.com,(331)129-3624x34784,"422 Peterson Brooks Simsburgh, TX 80768",2022-08-21 00:00:00
168,Cynthia,Valdez,2005-12-12,wgarrison@hotmail.com,(491)193-1977x243,"924 Vazquez Stravenue Paulfurt, NV 29528",2024-07-19 00:00:00
169,Shannon,Larsen,2001-11-02,leslieanderson@baker.info,559.910.5941x42973,"62925 Gross Shore Suite 242 Gibsonville, OH 87733",2021-06-28 00:00:00
170,Susan,Harper,2007-03-04,jennifer84@hotmail.com,001-212-550-8398x54178,"916 Timothy Shoals Suite 018 Kellytown, AZ 46740",2021-08-19 00:00:00
171,Jonathan,Kline,2003-06-19,kelseyjohnson@peterson.biz,+1-372-999-3601,"399 Christopher Underpass North Kristy, WY 60154",2024-07-26 00:00:00
172,Mike,Moran,2002-06-29,karawebster@yahoo.com,548-009-8070x3202,"38294 Jennifer Plaza Apt. 030 Port Jesusside, RI 92859",2024-05-21 00:00:00
173,Yolanda,Baker,2005-12-28,robinsonnicholas@graham.net,(267)882-9786,"939 Erica Wall Apt. 889 South Rachelbury, MS 73787",2022-04-28 00:00:00
174,Brittany,Henry,2004-11-02,nancy23@paul-stone.com,(983)324-2330,"PSC 5719, Box 5156 APO AA 97134",2024-09-27 00:00:00
175,Joshua,Moore,2004-10-11,aruiz@yahoo.com,(671)628-2820,"3492 Tiffany Corner Suite 534 Wilsonberg, IN 80627",2020-05-17 00:00:00
176,Brent,Torres,1995-08-04,davidcowan@hill.com,+1-332-257-7095,"856 Hutchinson Squares Lake Kelliehaven, GA 58173",2021-07-27 00:00:00
177,Kimberly,Bennett,1999-02-03,fwalton@gmail.com,001-108-026-5252x5777,"365 Jennifer Hills Johnnyfort, MA 42921",2020-10-22 00:00:00
178,Kayla,Hughes,2002-02-19,clarkekaren@campbell.com,001-978-946-3600,"919 Anderson Underpass Robersonhaven, ID 54440",2021-04-26 00:00:00
179,Lori,Caldwell,1995-07-12,rodney63@gmail.com,+1-918-194-5394x3291,"56735 Martinez Union Jenniferchester, RI 52010",2023-08-16 00:00:00
180,Thomas,White,2000-01-15,sotonathan@yahoo.com,959-320-3770x980,"0755 Wagner Landing Lyonsberg, SC 24252",2021-03-18 00:00:00
181,Laura,Robinson,2005-11-10,jennifer98@harris.com,681-799-0552x123,"1700 Kimberly Parkway Apt. 873 Jeremiahside, NE 16354",2023-02-21 00:00:00
182,Amy,Rodriguez,2005-08-27,danielle34@yahoo.com,252-307-8943x36380,"57048 Darryl Parks Apt. 455 Clarkburgh, MS 24368",2022-08-17 00:00:00
183,Victor,Edwards,2005-01-22,tracy56@kirk.com,001-289-723-1292x0834,"19481 Christopher Wall Apt. 633 Whiteville, TX 75774",2024-06-28 00:00:00
184,Amy,Johnson,1995-05-16,craigcurry@hotmail.com,611-296-1454x45149,"144 Dominique Tunnel Suite 736 Ericashire, CT 66643",2023-10-28 00:00:00
185,Matthew,Lamb,1996-08-18,ortizryan@carr-sims.info,642.608.7906,"18972 Dawn Key Suite 549 Port Victoria, ME 43812",2022-07-21 00:00:00
186,Jodi,Brown,2000-04-15,kaylawilson@greene-stewart.com,(731)173-9079x10951,"654 Brian Glens Aguirreberg, MO 48246",2020-06-05 00:00:00
187,Julia,Clark,2004-02-18,annabutler@knight.net,001-728-433-3334x151,"733 Torres Streets Apt. 198 West Paul, VA 79872",2024-07-15 00:00:00
188,Carolyn,Brown,2001-06-29,brendan04@yahoo.com,(186)872-7781x220,"457 Clark Hill Suite 152 Port Kaitlin, OH 33382",2021-06-26 00:00:00
189,Robin,Walker,1998-08-31,cfleming@yahoo.com,+1-445-382-7335x90517,"4482 Jennifer Lodge Apt. 638 West Michaelton, ND 75612",2022-06-13 00:00:00
190,Mary,Dyer,2003-12-12,thorntonmarcus@yahoo.com,4869873771,"700 Pam Flat Suite 004 Randyberg, RI 48003",2021-08-28 00:00:00
191,Helen,Sanchez,2003-11-20,alicia53@burke-anderson.org,947-843-1319x57016,"1439 Susan Fords Maloneport, MT 40118",2024-02-13 00:00:00
192,Robin,Romero,2000-10-09,holly28@klein.info,(867)845-1753,"783 Laurie Trafficway East Johnhaven, MT 13267",2024-01-28 00:00:00
193,Heather,Perez,2000-11-24,tayloralbert@yahoo.com,001-223-535-6145x6967,"063 Scott Fields Suite 186 Jacobshire, CT 21029",2020-10-28 00:00:00
194,Kenneth,Williams,1997-07-28,gstewart@hotmail.com,451-363-0126x5647,"269 Russell Stream Lake Pamela, VA 88173",2021-06-16 00:00:00
195,Phillip,Curry,1998-03-03,christopherjohnson@gmail.com,(054)543-6531x271,"421 Walter Motorway Apt. 825 South Bryan, MD 04549",2021-12-02 00:00:00
196,Robert,Harris,1994-05-24,brandonashley@baker.net,674-290-2876x153,"73652 Khan Trafficway Suite 881 North Jeffport, NY 65206",2020-04-10 00:00:00
197,Natalie,King,1997-03-21,richard35@middleton.info,847-110-8650x0408,"409 Lisa Freeway Christianton, WI 17853",2023-06-27 00:00:00
198,Rebekah,Rogers,1996-12-25,mcmillanshawn@rose.com,457-392-0987x525,"8523 Mary Viaduct Karenfurt, HI 18051",2021-07-13 00:00:00
199,Shane,Bradley,2003-12-01,lreid@zimmerman.com,640.308.7163,"359 Brian Rest Suite 087 Coleton, DC 56887",2023-10-19 00:00:00
200,Renee,Hamilton,2006-07-29,sanfordrichard@hotmail.com,+1-626-737-6897x80694,"PSC 3464, Box 4847 APO AA 27926",2021-12-27 00:00:00
201,Christopher,Harvey,1995-12-02,danieltate@hotmail.com,+1-342-961-2601x0532,"701 Jenkins Shores Suite 861 Davidfort, HI 87262",2023-11-15 00:00:00
202,Jacqueline,Jones,2000-11-01,vtorres@yahoo.com,821-787-4439x3354,Unit 5856 Box 0707 DPO AP 26297,2022-08-08 00:00:00
203,Deanna,Hubbard,2004-02-13,marynoble@davis.com,073.913.8371x11361,"29333 Ronnie Parkway Randallside, CT 63853",2022-11-03 00:00:00
204,Alyssa,Cervantes,2000-07-21,mlee@vazquez.com,(764)034-0532x5260,"24668 Brandon Flat Apt. 687 South Chad, OK 80469",2023-01-08 00:00:00
205,Benjamin,Davis,2002-03-27,nicolescott@yahoo.com,001-588-658-6357x498,"2601 Andrew Coves Suite 523 New Jessica, OR 53726",2020-03-22 00:00:00
206,Jessica,Patterson,2000-08-10,osanders@gmail.com,(951)862-0308x400,"166 Moore View East Monique, MN 34872",2022-07-22 00:00:00
207,Johnny,Johnson,2005-11-02,branchjoseph@hotmail.com,(196)283-4004,"3095 Smith Rest Robertville, NV 97997",2024-07-01 00:00:00
208,Sandra,Carter,2000-03-23,torreschloe@gmail.com,001-284-695-5494x88011,"35560 Brown Circles Reginaldborough, LA 27146",2024-11-02 00:00:00
209,Mathew,Baker,1997-08-16,gallen@yahoo.com,175.372.8097,"11617 Vickie Ferry North Matthew, NY 20618",2023-09-11 00:00:00
210,David,Alvarez,1999-04-21,brian05@moore-nelson.net,879-203-9986,"017 Benjamin Wells Apt. 548 Amyborough, CA 21317",2020-05-07 00:00:00
211,Michael,Jackson,2006-12-12,shannondavidson@yates.com,(075)132-5951x20453,"4142 John Place West Normanmouth, KY 49121",2021-05-05 00:00:00
212,Matthew,Houston,2000-02-10,emilyalvarado@ramirez-parker.com,126-369-5458,"7175 Keith Points Suite 221 Daniellestad, DE 92367",2023-10-15 00:00:00
213,David,West,2006-11-13,wrocha@erickson-meyer.com,(734)314-8395x58794,"5584 Emily Valley East Annview, WI 75219",2023-05-23 00:00:00
214,Christina,Gould,1994-06-30,sanchezvictoria@lee.com,792.803.9781x569,"376 Vang Forge Williamburgh, ID 59163",2020-11-06 00:00:00
215,Christopher,Harris,2004-06-05,jamie40@hotmail.com,(179)026-5792,"68397 Melissa Club Suite 826 Heatherton, CA 26996",2024-01-04 00:00:00
216,Joanne,Payne,2001-05-12,nicholsonamanda@howard-davis.com,1221254491,"434 Gutierrez Shoal Apt. 639 South Andrewburgh, MO 33488",2021-11-17 00:00:00
217,Rick,Fernandez,1996-01-08,sue76@yahoo.com,+1-526-027-2087x8816,USS Henderson FPO AE 27768,2024-11-08 00:00:00
218,Matthew,Williams,2002-08-04,kelly08@ramos.com,(308)195-7697,"8308 Timothy Key Suite 255 East Cynthiaburgh, NV 06977",2023-01-29 00:00:00
219,Tristan,Carter,1995-03-11,toddmoore@wright.biz,530-857-6811,"610 Natalie Canyon Apt. 606 East Vincent, FL 25264",2020-09-14 00:00:00
220,Brittany,Mitchell,2000-07-13,ksims@peterson.com,+1-720-351-3830x1972,"5500 Rodriguez Valley Davidland, MD 28639",2023-06-07 00:00:00
221,Robert,Olson,1999-12-08,fmiller@arnold.com,806.569.3367x39797,"PSC 2221, Box 0720 APO AA 03150",2021-05-14 00:00:00
222,Brian,Fowler,2006-01-01,jonathanmendoza@gmail.com,641.623.5896x514,"PSC 7543, Box 3238 APO AA 44242",2021-03-02 00:00:00
223,Jessica,Walker,1996-10-01,raytyler@smith.com,001-681-192-7095x8774,USNS Spencer FPO AA 52717,2021-07-29 00:00:00
224,Blake,Cox,2001-06-07,ymartin@yahoo.com,+1-034-785-4723x685,"1052 Hale Square Hernandezmouth, MD 28576",2024-08-10 00:00:00
225,Angela,Patterson,2004-05-05,millerwilliam@yahoo.com,470-795-7947,"1844 Cabrera Knoll Mariafurt, LA 91935",2023-08-17 00:00:00
226,Christopher,Jenkins,2005-01-15,joseph44@doyle.com,249-989-1537,"20211 Connie Crossing Suite 337 East Kathleen, SD 83503",2022-10-08 00:00:00
227,Erica,Hernandez,2000-02-18,april27@bates.com,995.910.8307x0285,"54276 Bowman Tunnel Suite 676 Warrenport, AZ 81576",2025-02-11 00:00:00
228,Mary,Carpenter,2004-09-12,olivia88@gmail.com,747.121.9362x726,"588 Felicia Ville Apt. 784 West Sandra, KY 75346",2021-05-06 00:00:00
229,Kevin,Morgan,1997-05-15,montgomerymichael@yahoo.com,(203)519-3023x1563,"4347 Denise Flats Kaitlinburgh, DE 14322",2022-07-16 00:00:00
230,Sharon,Browning,1996-01-10,ashley58@manning-vincent.com,(435)074-2138,"71504 Oliver Turnpike Suite 273 Ramosmouth, TN 35581",2023-02-01 00:00:00
231,Caitlyn,Thomas,2003-02-10,elizabeth04@tate.info,(653)077-7190x40470,"283 Tammy Expressway Apt. 107 West Anthonychester, NM 74449",2023-03-28 00:00:00
232,Patricia,Oconnor,1999-06-04,villarrealtodd@gmail.com,(303)683-7910,"1162 Patel Stream Laraview, LA 67165",2024-04-30 00:00:00
233,William,Jones,2003-09-22,jamie10@yahoo.com,5973549232,"2480 Ford Track West Brian, IN 84993",2021-09-26 00:00:00
234,Michael,Valenzuela,2004-12-09,jesse73@gmail.com,001-639-773-8374x1651,"77955 Carroll Ville New James, WV 97309",2022-09-25 00:00:00
235,Vanessa,Hughes,2006-05-19,brandon53@yahoo.com,(234)889-7480x12858,"298 Baker Expressway Apt. 687 Christinabury, NJ 13180",2021-01-27 00:00:00
236,Christopher,Coleman,1996-01-29,fbaker@yahoo.com,001-353-051-6208x641,"405 Avery Loop New Justinmouth, MI 84815",2020-11-08 00:00:00
237,Scott,Williams,2003-10-22,njuarez@hotmail.com,969-878-2051,"0949 Morrison Stream Suite 547 West Donnaport, ID 35314",2023-03-02 00:00:00
238,Kari,Lawrence,1997-08-10,richard12@mckenzie.net,462-123-9941,"203 White Dam Apt. 065 New Ericmouth, NC 49279",2024-11-13 00:00:00
239,Jason,Price,2002-12-07,nsmith@diaz-coleman.com,+1-359-565-8093x24601,"7542 Porter Pines Suite 238 Briggsbury, NY 36727",2021-12-15 00:00:00
240,Larry,Lopez,2005-12-27,carlos90@yahoo.com,000.894.9693,"20265 Rodgers Club Apt. 712 South Courtneyburgh, IL 68256",2021-12-09 00:00:00
241,Angela,Turner,1997-07-04,ugonzalez@washington.org,+1-661-306-9996,"80950 Schmidt Loop Apt. 708 South Stacyberg, KS 03270",2020-02-23 00:00:00
242,Rebecca,Mckenzie,2002-02-19,eric50@hotmail.com,(157)539-8813x500,"69342 Rubio Villages Suite 835 Johnathanfort, HI 94412",2024-11-08 00:00:00
243,Mark,Gallegos,1995-11-05,iharper@yahoo.com,001-159-800-3140,"3350 Richard Square North Kristina, VA 39547",2023-01-12 00:00:00
244,Amanda,Shepherd,2003-03-30,bryan94@yahoo.com,001-010-601-0808x8659,"710 Nichole Pine New Cynthiashire, MN 36687",2020-09-22 00:00:00
245,Kayla,Gaines,1997-01-08,smoran@miller.info,001-045-123-4015x535,"90965 Brian Route Suite 255 East Keith, MA 06781",2024-10-14 00:00:00
246,Joe,Lopez,2004-07-20,cynthia13@yahoo.com,001-875-525-7017x93058,"35761 Soto Throughway Suite 297 Woodbury, HI 63839",2021-09-30 00:00:00
247,James,Dougherty,2005-12-10,mpeterson@gmail.com,(993)596-2265x2914,"8466 Compton View Apt. 452 Poolemouth, MT 42086",2021-08-17 00:00:00
248,Nathan,Ingram,2004-11-10,tinakennedy@brown.com,6021280920,"PSC 3717, Box 8277 APO AA 11815",2021-12-05 00:00:00
249,Edwin,Black,2002-11-20,juanwebster@baker-calderon.info,001-150-403-9981,"3920 Clark Track Apt. 627 North Jaime, CO 63764",2020-01-03 00:00:00
250,Justin,Logan,2002-01-07,ysanchez@gmail.com,+1-082-760-4577x53636,"077 Eric Greens Kristatown, OH 43670",2022-09-18 00:00:00
251,Hunter,Cox,2002-11-07,mcampos@hotmail.com,(369)563-1033,"64666 Emily Mall Santosview, MN 65319",2024-08-02 00:00:00
252,Gary,Palmer,1997-01-03,isabella20@chavez.com,(562)481-9787,"601 Wagner Overpass Petersonfort, VT 77804",2022-06-20 00:00:00
253,Stephen,Taylor,1996-01-04,scott96@yahoo.com,+1-996-021-3351,"1623 Heather Mall Apt. 520 East Douglasville, IA 17520",2020-11-02 00:00:00
254,Rachel,Knight,2004-09-03,michellesmith@yahoo.com,(121)485-7503,"83360 Cabrera Shores Brownfurt, WI 75667",2024-05-28 00:00:00
255,Rebecca,Taylor,2005-04-07,molly81@le.org,001-672-431-6055,"00861 Kara Stravenue Apt. 493 East Chelseamouth, CO 95250",2024-11-02 00:00:00
256,Patrick,Lewis,2006-10-31,psherman@hotmail.com,556.723.4639x166,"214 Michael Ways North Rogerhaven, RI 50475",2025-03-22 00:00:00
257,Frank,Long,1996-02-01,waltonbrian@hotmail.com,387.046.5847x6980,"655 Williams Landing Suite 226 Jasonhaven, KS 27990",2023-11-08 00:00:00
258,John,Brown,2000-12-12,bgarrison@washington.biz,001-785-817-1833x97031,"863 Ryan Common Davidstad, CO 36484",2022-12-27 00:00:00
259,Michael,Price,1998-05-05,timothyjones@wallace.com,633.265.6664x24430,"555 Ann Fork Suite 990 Wigginshaven, IA 98392",2021-11-20 00:00:00
260,Keith,Fitzgerald,1998-03-24,ojones@romero.biz,+1-189-818-5697x116,"201 Ross Island Apt. 404 Riggsstad, IL 17077",2021-11-09 00:00:00
261,Kenneth,Mcgee,2004-04-22,martineztimothy@yahoo.com,+1-375-233-9112x9027,"788 Tracy Wells Catherineport, OK 91157",2023-01-18 00:00:00
262,Christopher,Martin,1994-07-20,ethomas@hotmail.com,+1-432-339-8320x70634,"375 Everett Stream Donnaburgh, NJ 69200",2022-10-07 00:00:00
263,Connie,Winters,2002-06-17,ashley78@keller.biz,0352674527,"29630 Robert Street Apt. 543 Perkinstown, RI 49120",2020-06-27 00:00:00
264,Anita,Pruitt,2005-12-31,jennifer21@gonzalez.org,+1-434-886-9571x66220,"545 Carol Parks Apt. 053 Emilymouth, MD 74183",2020-05-31 00:00:00
265,Abigail,Sloan,1995-01-10,nbrown@yahoo.com,546-039-0033,"85199 Mcmillan Squares Brandiborough, RI 91156",2020-03-04 00:00:00
266,Katrina,Dixon,1999-08-26,brittany05@rodriguez.com,490.242.5485,"9449 Roberts Motorway Suite 197 East Alexander, NY 03436",2023-05-25 00:00:00
267,Jeffrey,Chase,1997-02-04,etran@yahoo.com,001-106-583-2202x0496,"1583 Proctor Vista Suite 546 Brianamouth, NJ 27748",2023-11-08 00:00:00
268,Bob,Hamilton,2006-06-01,archerjustin@soto-sharp.biz,+1-727-567-6929,"7602 Michelle Burg West Anitaville, IA 01744",2025-02-04 00:00:00
269,Natasha,Guerra,2000-01-28,donald62@hotmail.com,001-648-377-3021x190,"1171 Amber Lake Suite 587 Nancyville, AL 61370",2022-04-19 00:00:00
270,Sarah,Fitzgerald,1995-05-03,hintondaniel@hotmail.com,249.229.5088x94321,"8305 Sergio Mills Port Kyle, IA 69251",2021-04-22 00:00:00
271,James,Wade,1996-06-30,beckywest@yahoo.com,(824)136-4874x621,"0761 George Locks South Kristinland, IA 76794",2022-10-29 00:00:00
272,Stephen,Cole,2006-01-06,jennifer37@ross.info,359.994.2254,"6059 Cheryl Mission Suite 258 Lake Tyler, CA 61700",2021-01-09 00:00:00
273,Jamie,Alvarez,2001-11-11,jill99@patterson-duran.biz,436.089.0040x81520,"8069 Russell Roads Moralesbury, DE 18665",2023-10-30 00:00:00
274,Miranda,Patrick,1998-12-10,nbates@gmail.com,001-066-389-8234x526,"1751 Brown Prairie Frostside, CA 14011",2023-12-25 00:00:00
275,Raymond,May,1995-09-20,sextonedward@guzman-lawson.com,(036)423-9232x015,USS Evans FPO AE 42947,2024-09-13 00:00:00
276,Kevin,Sanchez,1994-08-23,jordanmatthew@harding-chambers.com,9307569212,"80338 Bowman Prairie Suite 861 Shawburgh, WA 09442",2023-06-22 00:00:00
277,Joe,Cruz,2006-06-06,staceyreed@gmail.com,+1-067-716-7848,"93187 Howell Points New Linda, MS 68777",2020-08-21 00:00:00
278,Kenneth,Campbell,2004-05-20,rebecca91@hotmail.com,+1-615-259-9062x1599,USCGC Williams FPO AE 74210,2024-05-31 00:00:00
279,Michael,Bush,2003-05-08,tdunn@hotmail.com,+1-487-053-6607x903,"4148 Evelyn Extensions South Rachelmouth, PA 91249",2023-07-24 00:00:00
280,Jeremy,Cooper,2000-05-09,brookswilliam@hotmail.com,001-533-072-4948x27508,"06721 Dana Walk Apt. 260 Lake Brendatown, WA 76708",2020-03-23 00:00:00
281,David,Young,2007-02-11,smorales@yahoo.com,+1-378-232-6136x0512,"14614 Thomas Lock Melissaside, IN 49615",2024-11-19 00:00:00
282,Jeffrey,Cruz,1995-08-23,dsanders@huerta.info,680-891-1003,"37071 Orr Corners Suite 493 Reynoldsmouth, OK 09498",2025-01-11 00:00:00
283,James,Torres,2004-02-15,yangmario@yahoo.com,001-453-306-0495x45034,"61604 Bryant Creek North Rachelmouth, MD 12095",2024-03-10 00:00:00
284,Jenna,Pugh,2005-07-07,stephanieanderson@solis-davidson.org,(165)784-1672x501,"619 Jennings Island Apt. 968 Port Jeremy, SD 33163",2024-12-22 00:00:00
285,Anna,Randolph,1997-04-03,jessica39@gmail.com,(691)339-8752,"22788 Estrada Well Apt. 900 West Marissaborough, WI 19634",2024-06-24 00:00:00
286,Kristopher,Smith,2004-02-14,npatton@yahoo.com,666.743.7105x5209,"74704 Stephanie Squares Jacksonfurt, OH 95847",2021-02-10 00:00:00
287,Jeremy,Hernandez,2004-03-23,diazmichael@taylor-vaughan.com,001-186-105-4484x23337,"63768 Guerrero Island Smithstad, MN 63994",2023-11-21 00:00:00
288,Jessica,Miller,2007-01-05,qwilliams@elliott-moreno.org,834.304.9250,"7170 Holmes Trafficway Briannabury, NC 45841",2021-05-23 00:00:00
289,Kimberly,Ray,1999-09-15,cherrydawn@gmail.com,956.711.2089x08514,USNV Mcdaniel FPO AA 42134,2022-09-22 00:00:00
290,Shirley,Haley,1995-12-03,anichols@burnett.biz,001-819-384-3553,"395 Reyes Key New Wesleymouth, WI 43836",2021-05-08 00:00:00
291,Annette,Lyons,2005-12-13,lhernandez@hotmail.com,811-177-5293,"253 Bonnie Manor Suite 985 Paulaburgh, OR 07897",2023-04-29 00:00:00
292,Stephanie,Frye,2000-06-27,robertholmes@richardson-smith.com,(014)784-6445x5625,"371 Cooper Course Apt. 092 South Lindaview, OR 79074",2022-11-29 00:00:00
293,Julia,Wilson,2001-12-17,kevin75@harris-estrada.com,797.517.9808x2939,"0219 Stephanie Turnpike South Lindsay, KS 88758",2023-09-27 00:00:00
294,Nicholas,Hall,1999-09-02,harpermichael@campbell.info,691.622.1346x1404,"4612 Teresa Creek Doughertyton, AZ 49799",2023-03-16 00:00:00
295,Sierra,Burke,2001-05-22,daniel77@hotmail.com,+1-224-087-8878x39034,"9232 Terry Forks Apt. 185 North Danielside, NM 72654",2023-04-14 00:00:00
296,Douglas,Garza,2001-03-12,vanessamata@freeman-nash.com,403-625-9467x70511,"84101 Jones Shores Vasquezshire, KS 83146",2023-08-10 00:00:00
297,Debbie,Martin,2003-09-15,uzamora@baker.biz,5776631267,"PSC 3657, Box 1358 APO AA 87183",2022-11-26 00:00:00
298,Roger,Thompson,1996-07-07,qfuller@yahoo.com,(879)073-5738,"682 Jeffrey Key Powellfurt, NM 35095",2025-04-12 00:00:00
299,Gregory,Foley,2002-11-10,nwall@gmail.com,815.994.9009x73266,"924 Patrick Turnpike Apt. 577 West Rosemouth, WV 72259",2021-07-26 00:00:00
300,Melissa,Thomas,1997-11-05,john64@hotmail.com,+1-557-709-4051x298,"462 Benjamin Motorway Hodgeton, WV 55709",2023-01-17 00:00:00
301,Debra,Grimes,2000-11-13,vmiranda@jackson.biz,345.772.1285x49776,"928 Vanessa Plains Suite 446 Port Andrehaven, RI 42446",2023-01-05 00:00:00
302,Nicole,Curtis,1997-11-02,tamitucker@gmail.com,874.478.0364,Unit 9235 Box 0876 DPO AE 89166,2024-12-19 00:00:00
303,Thomas,Cervantes,1995-07-07,brittany62@hotmail.com,(837)340-3480x4338,"85606 Schroeder Knoll Apt. 737 Lake Amyton, SD 56310",2024-02-24 00:00:00
304,Christopher,Bradford,1997-09-03,robert33@yahoo.com,+1-337-208-4563x87853,"817 Michael Tunnel New Chadport, AZ 79751",2023-06-18 00:00:00
305,Dana,Anderson,2002-12-06,qlewis@quinn.net,001-893-932-2803,"69472 Steven Freeway Theresamouth, SC 15459",2022-02-26 00:00:00
306,Ivan,Bowman,2005-12-21,levinemonica@hotmail.com,(111)545-3900,"540 Stephen Shoal Suite 445 South Christopherstad, RI 51536",2020-12-16 00:00:00
307,Jeffrey,Jones,1999-01-11,catherine68@wilson.com,945.252.2652,"56021 Lopez Forest Montgomeryfort, CO 49124",2021-02-09 00:00:00
308,Michael,Williams,1998-01-03,gomezvirginia@yahoo.com,+1-550-422-6799x3409,"0215 Walter Locks Suite 631 North Christopher, ID 69907",2022-01-07 00:00:00
309,Richard,Gay,1998-05-19,shelbywilson@yahoo.com,+1-870-165-7591x08285,USNS Pacheco FPO AE 47148,2022-06-10 00:00:00
310,Brian,Wright,1998-09-09,tiffany45@hotmail.com,(888)220-7410,"2488 Ashley Street Apt. 945 Kristiehaven, FL 96812",2021-03-24 00:00:00
311,Laurie,Riley,1998-07-05,kelly05@gmail.com,+1-654-518-8896,"71131 Huber Glens Suite 558 Stewartburgh, GA 03001",2023-03-07 00:00:00
312,Billy,Strong,2000-07-16,kbrown@yahoo.com,+1-598-086-1160x08204,"143 James Manors Torresview, AL 29244",2024-08-07 00:00:00
313,Sean,Pope,2003-09-09,sharpstephen@phillips-mendez.com,043.003.7896,"303 Juan Brook Apt. 995 Samuelberg, GA 08230",2022-06-28 00:00:00
314,Vanessa,Thomas,1995-11-03,fosterkristy@gmail.com,519-125-1789x000,Unit 1266 Box 7159 DPO AA 28154,2020-08-28 00:00:00
315,Eric,Gentry,2002-05-29,hamiltontimothy@long.com,361-465-2067x413,USNV Wolf FPO AE 24349,2021-08-30 00:00:00
316,Stephanie,Velasquez,1996-03-27,twright@gibson-allen.com,+1-044-351-7365x3326,"8921 Jade Wall Apt. 449 Melissaview, FL 06550",2021-05-15 00:00:00
317,Steve,Johnson,2000-11-24,ngarcia@vaughn-brown.com,687.521.7079x739,"169 Rogers Locks Apt. 063 East Michaelbury, OH 02338",2022-07-10 00:00:00
318,David,Dean,2006-11-06,erikamatthews@gmail.com,465.410.8371,"19287 Diaz Station Apt. 876 North James, ME 64591",2021-05-27 00:00:00
319,Gina,Thomas,2001-05-04,destiny61@brady-wise.net,+1-468-106-0058x22563,"563 Mike Ranch Suite 017 North John, MA 22383",2021-11-26 00:00:00
320,Gloria,Chavez,1994-07-21,taylorrussell@hotmail.com,048-759-6755,"9614 Yvonne Hill Woodsfurt, OR 40836",2021-10-12 00:00:00
321,Marc,Dixon,1998-05-05,dwatson@meadows.com,+1-614-895-9091x576,"284 David River Suite 425 West Pamelaport, SD 73021",2022-05-19 00:00:00
322,Jessica,Pace,2007-01-23,wwright@yahoo.com,914-790-8787x066,"418 Dickson Hill Apt. 180 Hubbardstad, DC 56515",2020-07-10 00:00:00
323,Brian,Henry,1998-04-11,lwilliams@gmail.com,818-892-8497x0793,"6562 Cabrera Mount Suite 616 New Dennis, NJ 78946",2020-04-16 00:00:00
324,Danielle,Solis,1998-07-02,tonyaleonard@buckley.com,(920)447-5356x74402,"220 James Forks East Tracyshire, NE 43819",2021-05-01 00:00:00
325,Ricardo,Castro,2003-04-30,rosalesholly@richardson-miller.com,1286792962,"55543 Richard Stravenue Suite 143 Port Kristimouth, AR 09587",2021-12-29 00:00:00
326,Katherine,Bray,1995-10-15,harpersusan@thompson-short.org,(004)055-8751,"309 Santana Fords Apt. 823 Morganfurt, MN 07425",2021-10-22 00:00:00
327,Amy,Bean,1998-04-24,pbutler@hotmail.com,001-086-419-4154x208,"88531 Theresa Heights Apt. 048 Walkerburgh, MI 46719",2021-06-15 00:00:00
328,Zachary,Perez,1998-03-28,amy26@hotmail.com,+1-176-182-8041,"39183 Beasley Circle Suite 693 Lynchbury, WV 00647",2021-08-14 00:00:00
329,Christopher,Smith,2001-05-13,gstanley@hotmail.com,375-303-2837,"685 Sharon Mountains Suite 675 Lake Christopher, OH 90686",2024-02-01 00:00:00
330,Stephanie,Fisher,1997-01-07,gomezsean@gmail.com,+1-734-163-4684x18409,Unit 4788 Box 8172 DPO AE 90304,2023-07-05 00:00:00
331,Paula,Ortega,1996-02-10,maxwellbrooke@hotmail.com,001-130-791-0169x0438,"566 Marcus Court Callahanland, VT 17653",2024-07-17 00:00:00
332,Denise,Clark,2003-12-13,wcombs@hensley.info,(532)581-3865x380,"634 Michael Turnpike Wardmouth, NJ 84863",2020-06-12 00:00:00
333,Andrew,Stephens,2005-08-31,alambert@rodriguez-smith.com,736-511-8362,"32339 Jones Lakes North Jasmine, NM 93295",2022-03-29 00:00:00
334,Justin,Rangel,1996-12-06,victoriaadams@yahoo.com,504.887.4620,"3950 Emily Port Suite 899 Brittneyside, OR 71413",2023-01-06 00:00:00
335,Julian,Mitchell,2004-08-23,michaelzamora@davis-wheeler.info,883.915.8467x6541,"39705 Jason Divide Apt. 736 East Sandraland, VA 93202",2023-10-11 00:00:00
336,Elizabeth,Hernandez,2001-03-06,johnshepherd@gmail.com,284-440-5194x8745,"061 Alyssa Station Johnsonstad, DC 03680",2023-02-17 00:00:00
337,Stephanie,Coleman,1994-09-18,rodriguezgregory@king.com,001-082-370-5178x729,USNV Taylor FPO AA 75874,2025-04-11 00:00:00
338,James,Thompson,2004-06-04,garciakeith@yahoo.com,502.578.4503x63170,"2838 Wheeler Villages Suite 984 South Renee, WY 52486",2021-10-13 00:00:00
339,Richard,Johnson,2001-05-06,scott36@johnson.com,6272816139,"8261 English Roads Apt. 821 Robertfort, MI 52009",2022-11-23 00:00:00
340,Ashley,Monroe,1999-03-06,kimberly54@yahoo.com,(588)219-6626,"5250 Sanders Circles Apt. 240 Andrewsfurt, UT 80201",2021-07-18 00:00:00
341,Emily,Freeman,1998-11-29,thomas11@vazquez.net,001-526-904-8343x5045,"23210 Kevin Burg Suite 511 Port Michelleborough, MO 09813",2022-03-26 00:00:00
342,Jacob,Reed,2005-06-04,nrussell@hotmail.com,(786)460-9485x29391,Unit 5526 Box 4120 DPO AE 79393,2022-12-22 00:00:00
343,Mary,Lopez,2006-06-03,kelly12@caldwell.com,474-675-1302x8312,"43171 Sandoval Landing Apt. 548 Jodimouth, KS 08865",2021-04-02 00:00:00
344,Monique,Wright,1996-10-01,jeffrey31@hotmail.com,079-886-4030,"5061 Matthew Run Lake Kelly, WA 19025",2025-03-05 00:00:00
345,Brenda,Watkins,2005-02-14,michael11@hudson.com,506-503-0265x19749,USCGC Sawyer FPO AP 54236,2022-07-01 00:00:00
346,Jennifer,Young,1999-10-27,rebecca94@rodriguez.com,(374)272-9405x41855,"9790 Jones Bypass Apt. 227 Heatherfort, IN 87040",2022-11-22 00:00:00
347,Sara,Barnett,2002-06-12,zporter@robbins-hahn.org,708-543-8611,"44149 Mayer Knolls Apt. 552 West Sabrina, NY 39014",2020-03-26 00:00:00
348,Amanda,Grimes,2003-01-19,amcclure@gmail.com,508-310-2846x3503,"645 Walsh Street Suite 323 Andersonview, NC 54436",2020-08-27 00:00:00
349,Catherine,Hughes,2001-02-05,walkerjesus@yahoo.com,7561833600,"466 Johnson Dale Apt. 806 Bryantberg, OH 68654",2020-04-27 00:00:00
350,Richard,Miller,2004-07-22,ronald56@morris-jackson.biz,(184)272-2244,"177 Cruz Manors New John, NY 39316",2023-10-01 00:00:00
351,Cindy,Li,2003-09-09,anthonyrogers@rosales.info,662-540-1215x8914,"9036 Deanna Coves Apt. 757 Christopherfort, OR 09374",2021-03-20 00:00:00
352,Louis,Lawson,2000-08-04,vasquezphillip@hotmail.com,332-378-1502,"0189 Shawn Turnpike Simsborough, KY 88983",2020-08-29 00:00:00
353,Stephanie,Kelly,2002-09-20,dgibson@sanchez.com,794-949-7654x958,"1810 Stephanie Spurs Paulborough, IA 34641",2022-03-15 00:00:00
354,Matthew,Murphy,2006-03-30,john54@perez-fernandez.info,614-454-7368x32835,"54698 Brandon Causeway Jessicachester, NH 73407",2024-11-28 00:00:00
355,Edward,Sanchez,1999-07-23,gabriel16@henry.com,+1-619-324-7359x287,"4463 Amber Hill Lauriefort, MI 70899",2022-07-29 00:00:00
356,Richard,Farmer,2000-06-24,amy89@black-edwards.com,+1-735-860-7838x52874,"157 Griffin Branch Suite 979 Scottborough, CO 00908",2022-10-07 00:00:00
357,Colleen,Herrera,2001-06-22,nicholastaylor@contreras.biz,5029361137,"318 Anna Isle Apt. 743 North Louisland, LA 37487",2024-06-23 00:00:00
358,Peter,Stevens,2003-07-07,lbrown@gmail.com,(457)557-4884x2034,"7150 Roberts Ranch North Mauriceberg, PA 76506",2020-09-25 00:00:00
359,Timothy,Park,2006-10-29,kevin76@gmail.com,2621916189,"32719 Wilson Mountain Haasside, NY 97734",2021-12-19 00:00:00
360,Jacob,Fox,2002-05-28,tlynch@hotmail.com,+1-667-259-8852x3618,"763 Obrien Roads Suite 333 Josestad, WV 69525",2020-12-21 00:00:00
361,Wendy,Jensen,1995-03-22,hatfieldandrew@yahoo.com,(442)412-4397x05589,"9560 Moran Rue Suite 144 East Gregoryland, OH 18608",2021-06-22 00:00:00
362,Eric,Delgado,2000-10-16,ysmith@yahoo.com,587-544-7633x51247,"PSC 0505, Box 7069 APO AE 89651",2020-11-29 00:00:00
363,Kelly,Miller,2001-03-26,santiagojames@hotmail.com,+1-089-076-4603x61622,"96426 Anna Village South Katieview, VA 51246",2021-09-24 00:00:00
364,Angela,Donovan,2004-03-03,lisawalton@yahoo.com,148-130-6461,"06332 Stewart Lights North Melaniestad, MA 74625",2024-10-29 00:00:00
365,Gregory,Wagner,2005-07-05,williamharding@yahoo.com,+1-738-615-5159x148,"PSC 7393, Box 6439 APO AE 30888",2022-04-06 00:00:00
366,Jose,Callahan,2005-06-21,julia16@hotmail.com,+1-058-348-0265,"3178 Noble Gateway South Samanthashire, MI 62811",2023-02-18 00:00:00
367,Daniel,Mccoy,2005-08-17,maypamela@yahoo.com,001-413-323-9150,"97870 Karen Fields Suite 859 Lake Vanessa, NH 62901",2022-12-17 00:00:00
368,Benjamin,Grant,2000-12-01,brandon79@watts-ashley.biz,001-699-045-4523,"1538 Olson Spurs Suite 925 Luisstad, KS 71669",2021-07-26 00:00:00
369,Miranda,Blackwell,1998-04-15,jensenian@gmail.com,349.067.4671x214,"478 Gordon Port Fullerhaven, MS 57873",2020-05-07 00:00:00
370,Justin,Wilson,2005-08-25,garzakelly@gmail.com,5040228526,"495 Paul Village Apt. 963 North Anita, AL 50405",2020-06-06 00:00:00
371,Tara,Estrada,1997-08-20,ynewman@gmail.com,+1-572-883-7068x39220,"64075 Larson Meadow Apt. 235 Lake David, OH 36317",2024-03-09 00:00:00
372,Andrew,Preston,2002-03-30,lindsey95@smith.com,231-623-8622,"0603 James Pine Apt. 207 Dorothyport, ME 28583",2020-01-02 00:00:00
373,Brandon,Everett,2006-01-30,kelly84@yahoo.com,(570)795-9943x1232,"7446 Holland Vista Suite 850 Johnsonview, CT 12203",2022-02-20 00:00:00
374,Jermaine,Wilson,2001-05-20,robert41@young.com,(372)193-2821x1877,"9523 Emma Unions Suite 736 Joelberg, MN 58077",2023-02-12 00:00:00
375,Linda,Price,2004-10-24,moorejason@gmail.com,001-680-680-1894x809,"9606 Hunter Hill Apt. 962 Sawyertown, UT 84831",2021-02-22 00:00:00
376,Melissa,Gonzalez,1998-06-30,cheyennerodriguez@yahoo.com,1373926267,"227 Dana Lane Suite 820 Howellburgh, UT 21485",2020-08-15 00:00:00
377,Charles,Taylor,1996-04-04,hernandezbrian@gmail.com,397.192.7075,"30501 Watson Viaduct Apt. 370 Warrenmouth, IN 73168",2020-07-11 00:00:00
378,Christopher,Lewis,2000-03-03,codydiaz@fernandez-french.com,+1-979-044-4365x43668,"PSC 2298, Box 1934 APO AP 98480",2024-10-08 00:00:00
379,Adam,Curtis,2003-05-05,sharon19@smith-jacobs.net,(451)595-7229,"4848 Anderson Circles East Shannonchester, SD 28176",2022-06-16 00:00:00
380,Eric,Huffman,2001-11-20,parkertimothy@morales.net,(954)387-1618x6899,"76399 Alexandra Parkways Mooneyburgh, NE 72744",2021-07-18 00:00:00
381,Larry,Little,2004-09-16,michael71@gmail.com,001-235-245-4669x409,"15780 Mcdonald Cliffs South Billy, ME 09237",2020-09-20 00:00:00
382,Erica,Cross,1995-05-22,vschmidt@hotmail.com,001-176-556-8229x91472,"0183 Brandon Corner Roseborough, CO 25993",2023-10-19 00:00:00
383,Gina,Long,2006-08-14,destinyjohnson@hotmail.com,001-461-817-1477,"7577 Erika Trail Suite 500 Youngborough, MD 59696",2025-04-02 00:00:00
384,Raymond,Singleton,2002-04-12,heather92@yahoo.com,247-861-0586x511,"7490 Miller Unions South Kellymouth, AL 09039",2022-03-30 00:00:00
385,Jodi,Espinoza,2001-01-22,cdixon@hotmail.com,001-576-761-0767,"98602 Jacob Way Thomasburgh, IA 41593",2020-07-28 00:00:00
386,Michael,Oliver,1997-04-13,jason07@gmail.com,6852580119,"PSC 5439, Box 3509 APO AP 60870",2024-10-17 00:00:00
387,Adam,Foster,1995-12-29,ladams@cortez.com,464.956.2142x615,"5902 Garrett Tunnel Suite 966 Fowlerville, TX 17888",2022-04-06 00:00:00
388,Cynthia,Ross,1996-12-13,mmitchell@chen.biz,+1-628-688-1292x805,"679 Smith Ports Suite 384 New Tammy, AZ 46749",2023-04-25 00:00:00
389,Alicia,Riley,1996-04-28,batkinson@hooper-dunn.com,001-362-579-8203x240,"51168 Khan Rapid New April, AK 53500",2022-08-30 00:00:00
390,Amy,Lindsey,2001-01-30,jon02@gmail.com,235.290.3035,"29496 Hughes Mountains Apt. 134 New Lauramouth, VT 90246",2020-09-04 00:00:00
391,Rebecca,Parker,2006-08-30,campbelljonathan@hotmail.com,+1-104-186-7997x100,"25340 Haas Estates Hoganberg, WV 69229",2020-03-13 00:00:00
392,Joel,Moore,1994-11-29,udawson@yahoo.com,(239)570-1136x13349,"756 Roberta Meadow Suite 188 Emilyville, SC 25819",2025-03-26 00:00:00
393,Melissa,Garcia,1997-03-04,qrodriguez@benton-thomas.com,7228292281,USNS Riley FPO AE 45300,2021-06-22 00:00:00
394,Robert,Serrano,2005-07-05,goulddonna@foster-smith.info,042-570-2612,"68795 Jones Motorway Chloeborough, AR 63910",2024-10-26 00:00:00
395,Daniel,Berg,1996-10-25,brettfrench@cruz.com,888.960.4594,"38017 Elizabeth Hill Suite 734 New Antonio, PA 50301",2024-05-30 00:00:00
396,Raymond,Carter,2004-04-20,clarkpatricia@kirk.info,910.446.1384x709,"69854 Evans Walks Apt. 767 Priceville, WA 22205",2023-05-23 00:00:00
397,Lauren,Jackson,2002-09-16,ijones@kim.com,(593)579-7533x15053,"1478 Ryan Stravenue Apt. 076 East Samanthaborough, MS 19096",2023-02-22 00:00:00
398,David,Davis,1995-03-19,mgreen@hotmail.com,6147716284,"7897 Leblanc Row Suite 317 South Christopherstad, ND 43594",2020-04-11 00:00:00
399,Shannon,Clark,2007-02-11,peterbird@bell-harrison.biz,805-451-0794,"35631 Victoria Mill Suite 525 Kellyfurt, FL 51745",2021-10-18 00:00:00
400,Kristie,Hughes,1996-04-08,gatesbryan@jackson.com,001-513-833-5032x917,"752 James Mountains Meaganville, ME 31234",2024-01-04 00:00:00
401,Kristen,Cardenas,2000-02-09,david74@yahoo.com,+1-222-668-1936x464,"62271 Jeremy Mount Suite 106 New John, VT 33868",2020-11-21 00:00:00
402,Tammy,Reynolds,2005-06-19,nharper@gmail.com,001-571-494-4156,"8161 Cindy Square East Jason, NY 30751",2021-07-13 00:00:00
403,Paige,Esparza,2002-11-01,barbaramercado@clark.com,1405689748,"25028 Stephanie Estates Suite 723 Dakotaberg, VT 93761",2022-03-17 00:00:00
404,Donald,Summers,2000-10-03,ian91@yahoo.com,704.159.0463x48623,"976 Simmons Crossroad Robertsonbury, MA 75912",2021-03-27 00:00:00
405,Kellie,Raymond,1994-10-06,lovecharles@wright.com,001-406-979-0013x29536,"88732 Robert Pines Suite 125 Nicholasbury, PA 65082",2021-05-22 00:00:00
406,Robert,Anderson,2002-09-24,ghiggins@pham.com,260-606-8323x116,"3538 Raymond Inlet Suite 803 Arnoldbury, ND 52858",2022-05-07 00:00:00
407,Stephanie,Graham,2000-03-12,hannahmurphy@scott-douglas.biz,(781)693-9709,Unit 0559 Box 8715 DPO AA 05120,2021-08-19 00:00:00
408,Thomas,Brown,2005-08-25,ashley85@hotmail.com,338.729.3535,"842 Marcus Stream Dawnfort, MN 56035",2020-11-04 00:00:00
409,Mark,Molina,1998-12-15,bgates@hotmail.com,(242)566-0403x0704,"964 Austin Meadows Harrisfort, CA 13093",2021-04-24 00:00:00
410,Charles,Mitchell,2006-07-13,paulhall@chavez.com,325.248.1028x1488,"736 Edwards Harbors West Cassie, WI 85046",2021-04-15 00:00:00
411,Diana,Campbell,1996-12-01,katrinaflores@gmail.com,(147)628-4351x62232,"0598 Derek Roads Martinezton, SD 76630",2022-05-22 00:00:00
412,Angela,Love,1999-03-25,melissa90@gmail.com,001-311-930-6883,"57995 Rogers Hollow Edwinside, MI 78955",2023-12-09 00:00:00
413,Sara,King,1998-05-05,danielchavez@yahoo.com,0983079762,"4578 Hart Tunnel Suite 490 Grayburgh, ND 86077",2024-09-22 00:00:00
414,Anthony,Castro,1996-04-26,santoskimberly@koch.com,+1-394-798-7689,"00855 Ashley Coves North Adamport, TN 74736",2024-04-25 00:00:00
415,Kevin,Jones,1998-03-30,leonmegan@green.info,5704903193,"4262 Jeffrey Creek Suite 117 Lake Nancyland, KS 69857",2021-04-20 00:00:00
416,Cheyenne,Turner,1996-09-18,alexa67@collins-munoz.org,956.119.2399,"91722 Campbell Estates Apt. 035 Bethfurt, SC 23333",2021-03-14 00:00:00
417,Christina,Gomez,1995-07-01,kennedyaustin@williamson-harrington.net,(332)767-1374x4040,"7220 Justin Points Torresview, ID 51309",2023-04-18 00:00:00
418,Brendan,Martinez,1998-04-28,barbara17@king.info,(024)500-8836,"7280 Jeffrey Drive Apt. 009 North Jennifer, SC 39710",2021-10-29 00:00:00
419,Kevin,Oconnor,2001-08-12,charles97@gmail.com,949-909-2430x170,Unit 8591 Box 0475 DPO AE 67502,2023-07-07 00:00:00
420,Joseph,Russo,2001-06-16,reynoldswilliam@cardenas-martinez.net,(845)230-4720x27469,"389 Warren Roads Suite 398 Port Bradleyton, TN 04985",2025-01-15 00:00:00
421,Roy,Martinez,1996-07-29,millerpatrick@gonzalez.biz,621.055.1947,"8278 Moore Causeway Sheaberg, FL 08781",2024-01-08 00:00:00
422,David,Marks,1998-12-25,ckeller@james-harvey.org,1504663870,"853 Megan Stream Suite 227 West Holly, WY 84748",2020-09-17 00:00:00
423,Jennifer,Page,1994-12-15,summersmichael@jones.net,303.689.1782x55439,"527 Harris Street Suite 671 Wheelerland, VA 88809",2022-05-24 00:00:00
424,Ashlee,Ruiz,2004-02-12,robertsjames@yahoo.com,001-527-702-9204x91351,"272 Breanna Groves Apt. 106 East Garrett, UT 58871",2024-02-07 00:00:00
425,Danny,Myers,1997-04-23,clarkelouis@gmail.com,+1-075-245-1840x018,"399 Matthew Junctions Suite 439 New Nicholasmouth, VT 97768",2023-12-15 00:00:00
426,Stephen,Cameron,2002-01-01,samuel84@hotmail.com,001-609-994-9372x1548,"2615 Morales Route Smithstad, WA 94947",2022-12-06 00:00:00
427,Jared,Gilbert,1997-06-16,mariawhite@wright.net,(388)869-2861x738,"6941 Courtney Valleys New Matthew, HI 39137",2022-01-31 00:00:00
428,Shannon,Hoffman,2004-04-13,aaron04@hotmail.com,+1-424-221-4305x915,"3281 Hunter Crest Suite 160 Erinhaven, WA 55665",2020-02-06 00:00:00
429,Molly,Cole,1998-11-01,careyconnie@yahoo.com,827-549-2013x6618,"348 Hill Spring Apt. 911 Jasonport, AZ 37136",2021-08-24 00:00:00
430,Stephen,Stephens,2005-03-05,susanalvarado@hotmail.com,100.355.9615,"67315 Jennifer Mall Apt. 887 Allisonborough, ME 61161",2023-03-06 00:00:00
431,Mark,Castaneda,2004-12-20,michaelsimmons@yahoo.com,+1-829-336-3777,"027 Jessica Courts North Michael, NE 54249",2021-04-21 00:00:00
432,Eric,Figueroa,1998-01-02,briancrawford@johnson.com,001-240-579-9359,USCGC Kline FPO AP 65059,2020-08-22 00:00:00
433,Timothy,Deleon,1998-10-20,brandonsmith@hotmail.com,001-527-105-4776x35958,USNV Brown FPO AE 75816,2024-12-16 00:00:00
434,Julie,Buchanan,2006-01-30,jacquelineprice@hall-koch.com,304-565-3342x36022,"4369 Oconnor Row Lake Roy, RI 89601",2022-09-03 00:00:00
435,Gerald,Mcdonald,1998-12-18,ujohnson@hotmail.com,593.302.9060,Unit 6572 Box 9790 DPO AE 41568,2024-05-24 00:00:00
436,Sarah,Hill,2003-11-29,wangcarly@yahoo.com,+1-938-163-6223x8446,"75673 Jackson Spring Apt. 992 Port Crystalfort, IN 75828",2020-09-30 00:00:00
437,Matthew,Rodriguez,2005-12-14,sethjones@davis.com,016.031.0513x75383,"3053 Charles Forks Thomasberg, NV 57582",2020-06-22 00:00:00
438,Robert,Alvarez,1999-09-19,princemelvin@hotmail.com,+1-442-207-3067,"78171 Jason Valleys Suite 621 Lindseyton, CA 21550",2022-06-30 00:00:00
439,Samantha,Silva,2004-08-15,gloverbradley@gmail.com,(378)716-1109x87116,USNV Johnson FPO AE 76378,2023-08-12 00:00:00
440,Joanna,Miller,2003-06-21,billytyler@gmail.com,+1-469-308-7398x813,"021 Pamela Extension South Kimberlychester, AR 88124",2021-12-12 00:00:00
441,Leslie,Dean,1994-11-18,michael80@freeman-duncan.org,747-621-2171x4525,"079 Jack Mission Suite 788 Lake Cameron, NY 20797",2024-01-14 00:00:00
442,Anna,Collins,1997-05-09,ndorsey@gmail.com,196-985-2015x083,"711 Tamara Mission Suite 326 North Jared, OH 08669",2022-11-10 00:00:00
443,Matthew,Edwards,1995-06-28,jbell@hotmail.com,150-874-2430,"89462 Andrea Road Bridgeshaven, RI 74789",2022-01-03 00:00:00
444,Jennifer,Jones,2007-01-24,matthew76@harris-briggs.com,865.200.9613,"131 Laura Parkway Suite 634 Patriciaton, NM 71582",2021-12-04 00:00:00
445,Brian,Nelson,1998-03-31,alexismiranda@yahoo.com,+1-508-656-8914x8039,"30706 William Inlet Suite 747 Erintown, IA 54589",2021-05-21 00:00:00
446,Kevin,Torres,1996-04-10,lschultz@wallace.com,001-146-864-7132,"15868 David Shoal Stevenside, SD 12173",2021-09-15 00:00:00
447,Daniel,Davis,2001-10-04,angelwatson@griffith-brown.info,0841594628,"60465 Buck Grove Apt. 112 Port Antonio, ID 54781",2021-03-10 00:00:00
448,Destiny,Sellers,1998-02-24,michael14@montgomery.com,+1-373-248-2272x78562,"607 Erica Shores Suite 463 Kelseymouth, AL 58923",2023-05-28 00:00:00
449,Sara,Wright,2004-06-28,martinezanthony@yahoo.com,0224563988,"66237 Peterson Spurs Apt. 297 Lopezview, IL 60069",2024-12-02 00:00:00
450,Mathew,Ellis,2003-06-29,grantmichael@hotmail.com,9016089436,"95803 Alicia Brook Davidfurt, LA 62607",2024-01-22 00:00:00
451,Madeline,Lopez,2002-04-11,lori72@weber.com,+1-423-326-3375x454,"4342 Todd Villages Quinnborough, SD 88963",2021-10-15 00:00:00
452,David,Crawford,2002-06-22,mduncan@yahoo.com,617.439.0559,"616 Amanda Pike Acostachester, KS 31087",2023-05-24 00:00:00
453,Christopher,Vega,2004-02-08,albert15@hotmail.com,+1-909-981-6071x15517,"7328 Lisa Oval East Marc, IN 23751",2022-05-10 00:00:00
454,Vanessa,Tate,1999-05-29,cookellen@yahoo.com,458.642.9941,"6797 Schultz Rest Apt. 687 Rickyview, MN 88019",2020-10-16 00:00:00
455,Sarah,Davies,2002-02-22,virginiaramos@cohen.net,(612)981-4854x101,"34105 Ward Unions Krauseside, OR 66970",2023-02-20 00:00:00
456,Tony,Acevedo,1997-10-10,diane49@gmail.com,044.686.1122,"PSC 5699, Box 1046 APO AP 45357",2023-11-03 00:00:00
457,Elizabeth,Bradshaw,1998-07-24,vmurphy@morgan.net,+1-979-970-0882x2713,"64984 Lauren Station Apt. 372 South Markmouth, NJ 91297",2020-02-27 00:00:00
458,Bethany,Hayes,1999-07-05,erin24@simpson.com,001-740-629-2403x535,"46506 Brown Roads New Miguelville, AK 45626",2022-04-06 00:00:00
459,Emily,Carpenter,2005-08-25,frank91@smith-fritz.com,+1-421-729-9550x266,"85279 Matthew Brooks Suite 154 East Rachelview, CA 26454",2022-08-22 00:00:00
460,Elizabeth,Smith,2004-07-29,mharrison@gmail.com,(660)307-6615,"6063 Horn Estate Apt. 693 Ballchester, TX 13375",2020-08-02 00:00:00
461,Donald,Mullins,2000-01-16,joelturner@scott.info,155.317.8919,"0478 Jennings Falls Christophertown, MN 77314",2023-02-15 00:00:00
462,Andrew,Ibarra,1999-06-10,perrykristin@gmail.com,325.254.1832,"1224 Roberts Burgs Millsville, NM 69396",2025-02-28 00:00:00
463,Daniel,Davis,2001-12-18,bmiller@gmail.com,762-634-8898x00704,"8772 Noah Brook Harrisshire, CA 00878",2023-07-28 00:00:00
464,Kendra,Carroll,2004-05-10,casey81@king.biz,(704)900-1631,"7446 White Shoal Lake Eddieburgh, RI 26269",2023-05-24 00:00:00
465,David,Bright,2001-05-16,adamspaul@wall-riley.info,+1-722-024-6829x9574,"42686 Brian Dale Apt. 701 Hobbsberg, NC 27633",2022-08-21 00:00:00
466,Danielle,Jackson,2000-07-10,parkerzachary@gmail.com,590.122.7548x58484,"491 Savannah Vista Port Vickitown, MT 84020",2024-03-04 00:00:00
467,Jason,Powell,2005-10-24,alex10@mooney.com,+1-220-161-5812x23935,"36955 Williams Junctions Suite 558 Lake Justinside, RI 45389",2024-09-01 00:00:00
468,Regina,Thomas,1994-09-24,christopher32@sanchez.net,(000)572-7264x4492,"PSC 9930, Box 8854 APO AE 64115",2021-05-26 00:00:00
469,Michael,Miller,2005-03-30,tracey05@yahoo.com,+1-248-632-9462,"PSC 7284, Box 4682 APO AP 94573",2022-11-19 00:00:00
470,Patrick,Scott,1995-11-12,gabriel54@hotmail.com,+1-286-221-0174,"449 Quinn Stravenue Jenniferburgh, OK 56681",2021-09-08 00:00:00
471,Stephanie,Stephens,1994-12-29,xhayes@jones.com,6045903816,"039 Gregory Club Holtfort, MS 41510",2022-04-04 00:00:00
472,Steven,Franklin,2005-11-19,vperez@baxter-barnes.net,+1-678-244-4056x1447,"PSC 8740, Box 8919 APO AP 17610",2020-05-20 00:00:00
473,Ronald,Patterson,1998-07-10,brownstacey@simon-finley.com,(039)831-5418x29452,"36753 Anthony Neck Suite 737 Moyerfort, IN 32310",2023-02-02 00:00:00
474,Erica,Garcia,1997-04-16,warrenrobert@hotmail.com,9979980895,"05545 Tammy Glens Turnerton, NJ 48711",2024-09-02 00:00:00
475,John,Myers,2000-08-30,ejones@yahoo.com,(597)226-2118,"6154 Catherine Fork Apt. 530 Kingville, WV 03120",2021-05-02 00:00:00
476,Felicia,Hill,2000-11-12,reynoldscheryl@brown.net,(372)170-6211,"45665 Brandon Forge Port Douglas, AZ 55576",2024-05-29 00:00:00
477,Emily,Sanchez,2001-08-27,wwhite@gmail.com,(910)959-6570x35833,"6126 Amy Mall Apt. 165 Kellyfort, HI 25182",2021-09-16 00:00:00
478,Robert,Juarez,2006-03-12,greynolds@campbell.com,(704)931-8766,"732 Adams Ferry Suite 722 East Gail, NE 91912",2021-11-26 00:00:00
479,Matthew,Thomas,2000-12-24,clayton60@reilly.org,(915)633-2628,"040 Young Track Suite 366 South Jamesbury, WY 66341",2022-04-26 00:00:00
480,Cheryl,Jones,2003-04-21,jorge66@woods.com,+1-586-881-0932x7379,"0522 Beverly Plaza Ortizborough, SD 93864",2023-11-20 00:00:00
481,Natalie,Becker,2002-06-22,austinbaker@gmail.com,(982)280-5875x482,"93015 Reyes Rapids Suite 114 East Michelle, NM 34617",2021-01-19 00:00:00
482,Melissa,Lopez,1997-12-19,donnareid@hotmail.com,(715)998-1604,"36200 Navarro Port Jameston, IN 65655",2022-09-25 00:00:00
483,Sheila,Brown,2006-04-12,omelton@yahoo.com,+1-548-348-4057x947,"7595 Salinas Ramp South Taylorfurt, SD 85244",2022-01-20 00:00:00
484,Cathy,Johnson,1997-07-12,lauren99@hotmail.com,738-660-5976x47240,"3309 Henry Loop Suite 722 West Christopher, FL 27380",2021-12-23 00:00:00
485,Denise,Rodriguez,1994-12-18,billy67@chase-ortega.com,(253)646-3464,"42949 Connie Pine Jodychester, NJ 03821",2025-01-20 00:00:00
486,Catherine,Shaw,1998-03-24,zcollins@hotmail.com,001-809-546-2525x8531,"582 Wesley Parks Carlsonside, WV 30610",2024-12-29 00:00:00
487,Veronica,Gonzalez,2000-06-26,muellerlisa@martin.com,001-301-777-3435x91948,"81480 Cunningham Circles Kyleside, IA 63070",2021-03-20 00:00:00
488,Robert,Spencer,2004-06-09,istevens@gmail.com,001-461-283-4439x156,"69816 Stacy Fords Apt. 559 New David, MS 84766",2021-06-18 00:00:00
489,Kimberly,Atkinson,2001-11-08,xgomez@wolf.com,+1-922-215-5407x83797,"5944 Roberta View East Savannahside, ND 77032",2023-01-05 00:00:00
490,Troy,Roberts,2004-08-14,mmoore@gmail.com,4878178525,"006 Courtney Radial Suite 935 New Paul, ID 04378",2021-05-19 00:00:00
491,John,Hernandez,2001-04-04,joseph15@cooper.com,001-383-119-4749x23027,"2999 Mark Cliff Suite 015 North Jonathanberg, AK 97057",2024-03-04 00:00:00
492,Daniel,White,2002-05-01,hardinjoshua@evans.com,529.907.2112x07954,"38723 Gibson Unions Teresachester, AK 11189",2023-12-03 00:00:00
493,Joseph,Stephens,2005-01-04,scottbrown@juarez.biz,173.792.6674,"49414 Gilbert Roads Suite 613 Evanschester, WY 74105",2021-03-19 00:00:00
494,Ivan,Williams,1998-10-18,yesparza@yahoo.com,+1-660-722-1553x307,"633 Melissa Lake New Allison, OH 02331",2025-02-14 00:00:00
495,Debra,Wilson,2000-11-29,martinanthony@sanchez.org,755-864-3118,"796 Melissa Land Suite 573 West Richard, CO 85039",2021-07-27 00:00:00
496,Daniel,Curtis,1997-04-20,daviddillon@hotmail.com,001-660-182-4119x07317,"11185 Christine Corners Montgomeryberg, OK 77838",2022-09-09 00:00:00
497,Nancy,Haney,1997-08-05,fwall@harvey-rice.com,001-069-649-7226x047,"503 Logan Island New Rebeccabury, SC 92111",2021-04-17 00:00:00
498,Dana,Roberts,1999-02-07,shaun72@harris.com,(595)029-5894,"77503 Woods Plains Spencermouth, SD 70728",2022-10-07 00:00:00
499,Bryan,Hart,2004-12-31,hcole@yahoo.com,001-207-589-6763x5756,"751 Martha Field Carsonmouth, NY 72181",2022-07-17 00:00:00
500,Brittney,Lewis,2004-10-28,jessica72@yahoo.com,001-839-421-0530,"40650 Norman Route Russellville, MO 17040",2023-03-22 00:00:00
